CUSIP,Principal
912797HE0,3199616.5712118214
912796ZV4,2899803.2097879592
912797LY1,4100000.0
912797KJ5,4395801.556982795
912797LB1,1999803.2097879592
912797LN5,4300000.0
912797MG9,4099485.735253252
912797MH7,1396020.5107520728
912828ZL7,4699616.5712118205
91282CBQ3,1095309.4558027422
91282CCP4,3195632.149501336
912828ZE3,5795141.391058726
91282CAL5,6091349.813218301
91282CCR0,8288024.841517475
912828Z94,3296146.4142481117
91282CAE1,67169064.68814877
912810SR0,3498492.6585025256
912810SQ2,23298689.448718518
